OID;LATITUDE;LONGITUDE;YEAR;EQ_PRIMARY
5;-37.8;177.2;1950;5.8
14;23.5;103.1;1950;5.8
8;-13.5;-72;1950;6
10;7.79;-72.61;1950;6.1
11;9.71;-69.819;1950;6.4
9;-6;113;1950;6.5
12;-1.5;-78.2;1950;6.8
20;16.5;-100.4;1950;6.8
23;-14.25;-75.75;1950;7
1;21.7;100.1;1950;7
19;-10;159.5;1950;7.3
17;14.31;-91.917;1950;7.5
25;16.48;-98.22;1950;7.5
16;-3.8;128.3;1950;7.6
24;-19.5;-176;1950;7.7
15;11;-85;1950;7.7
21;-18.25;167.5;1950;7.8
7;-15;-69.5;1950;7.9
3;46;144;1950;7.9
22;-23.5;-67.5;1950;8
18;-6.5;129.5;1950;8.1
13;28.5;96.5;1950;8.6
33;13;-87.5;1951;5.5
32;13;-87.5;1951;6
27;-3.252;142.238;1951;6.1
31;16.1;-96.8;1951;6.2
42;26.7;100;1951;6.3
29;13;-87.8;1951;6.5
35;40.8;33.4;1951;6.7
37;19.7;-156;1951;6.9
38;23.8;121.7;1951;7.3
40;22.9;121.5;1951;7.5
39;31.1;91.4;1951;7.5
28;9.5;127.3;1951;7.8
41;-34;57;1951;7.9
30;-15;-69.5;1951;7.9
58;36.5;35.5;1952;5
57;39;112.7;1952;5.5
60;22.9;99.7;1952;5.8
55;35.333;-118.917;1952;5.8
43;39.9;41.7;1952;6
51;22.7;99.8;1952;6.5
52;-18.5;169.25;1952;6.8
56;28.3;102.2;1952;6.8
46;41.7;142.5;1952;7.1
44;-14.1;-69.9;1952;7.5
53;35;-119.017;1952;7.7
48;9.5;127.25;1952;7.8
45;42.15;143.85;1952;8.1
59;52.755;160.057;1952;9
70;24.2;103.2;1953;5
65;-12;-77.5;1953;5.5
62;27.761;54.751;1953;5.5
63;18.4;-73.4;1953;5.7
66;50;156.5;1953;5.8
78;-18.3;178.2;1953;6.4
77;35;32.5;1953;6.5
64;35.385;54.979;1953;6.6
75;38.1;20.6;1953;6.8
72;19.8;-70.7;1953;7.2
76;38.3;20.8;1953;7.2
81;-22.1;-68.7;1953;7.4
68;-4.449;152.868;1953;7.4
82;-3.4;-80.6;1953;7.4
80;34;141.7;1953;7.4
74;-19;169;1953;7.5
79;-13.189;166.516;1953;7.5
67;40;27.5;1953;7.5
71;-36.5;-72.5;1953;7.6
96;27.5;52;1954;5
102;29.4;104.8;1954;5
92;31.6;116.6;1954;5.3
85;-34.9;138.7;1954;5.4
101;36;1.5;1954;6
83;17.3;-92.6;1954;6.2
104;38.9;142.2;1954;6.5
99;36;1.5;1954;6.7
98;36.283;1.467;1954;6.7
103;-8;119;1954;6.8
93;13;123.9;1954;6.8
94;39.4;-118.5;1954;6.8
97;39.6;-118.5;1954;6.8
87;37;-3.5;1954;7
95;38.8;104.2;1954;7
90;39.3;22.2;1954;7
105;39.3;-118.2;1954;7
88;39.8;22.1;1954;7
84;39;101.3;1954;7.3
89;29.5;-29.5;1954;7.5
123;10;-84.5;1955;5.8
127;29.9;101.4;1955;5.8
122;0.2;-78.4;1955;6
120;26.5;101.1;1955;6
117;39.5;23;1955;6
111;13;-87;1955;6.2
115;39.4;23.1;1955;6.2
125;32.2;29.6;1955;6.3
124;-6.9;155.7;1955;6.5
118;44.2;83.6;1955;6.5
126;26.6;101.8;1955;6.8
121;37.5;27;1955;6.8
114;39.9;74.6;1955;7
116;-30;-72;1955;7.1
129;-5.1;152.924;1955;7.3
119;6.5;94;1955;7.3
113;30;101.8;1955;7.5
110;8.1;123.2;1955;7.6
109;-28;-175.5;1955;7.8
136;45.5;14.3;1956;4.5
150;37.8;114;1956;5
155;40.5;115.5;1956;5
138;-38.9;175.7;1956;5.3
153;39.5;23;1956;5.7
140;35.5;35.5;1956;5.8
137;40;30.5;1956;5.8
133;47.5;19.3;1956;5.8
148;23.278;70.107;1956;6
152;27.407;54.462;1956;6.4
130;17;-99.5;1956;6.5
149;33.8;138.8;1956;6.5
145;36.8;25.2;1956;6.8
132;-26;-175.241;1956;7
146;22.2;95.7;1956;7
131;-19;-70;1956;7.1
134;-0.5;-80.5;1956;7.3
135;12.2;-86.7;1956;7.3
142;-15;-179;1956;7.5
147;-5.5;130;1956;7.5
143;35.1;67.5;1956;7.6
151;46;150.5;1956;7.6
144;36.9;26;1956;7.8
167;38;112.5;1957;5
156;36.2;8.9;1957;5.6
177;-2;116;1957;6
181;34.388;47.748;1957;6.5
170;36.277;52.778;1957;6.6
164;36.31;28.62;1957;6.9
172;-23.5;-71.5;1957;7
158;39.4;22.8;1957;7
165;36.4;28.55;1957;7.1
166;40.7;30.9;1957;7.1
157;23.9;121.6;1957;7.2
168;-1.5;137;1957;7.3
176;-20.4;-178.5;1957;7.5
161;-15.5;-173;1957;7.5
162;-4.6;107.1;1957;7.5
160;55;-165.2;1957;7.5
174;5.5;127.5;1957;7.6
169;56.2;116.4;1957;7.6
178;-21;-66;1957;7.8
182;-12.3;166.7;1957;7.8
171;16.5;-99.1;1957;7.9
180;45.5;99.5;1957;8.1
159;51.292;-175.629;1957;8.6
197;36;49;1958;5.2
198;22.5;109.5;1958;5.8
200;-50;-115;1958;6.1
187;31.5;104;1958;6.2
199;-9.5;112.5;1958;6.7
189;-4.5;104;1958;6.7
193;34.29;47.867;1958;6.7
195;-33.785;-70.112;1958;6.8
186;2;-79;1958;6.9
183;-16.5;-72;1958;7.3
192;-13.5;-69;1958;7.5
188;25;125;1958;7.5
185;1.5;-79.5;1958;7.6
191;58.37;-136.665;1958;7.8
201;44.53;148.54;1958;8.3
218;31.8;115.3;1959;5
209;44.3;149;1959;5
219;35.6;110.9;1959;5.4
229;36.4;2.6;1959;5.5
208;44;6.8;1959;5.5
224;40.9;19.8;1959;6.1
226;39.1;41.6;1959;6.2
212;37;28.7;1959;6.3
230;38.75;75.317;1959;6.4
223;18.3;-94.4;1959;6.9
220;22.18;121.13;1959;7
217;53.9;160.5;1959;7
228;45.89;151.11;1959;7.2
221;-7.5;156;1959;7.3
207;-4;-81.5;1959;7.4
216;-20.369;-68;1959;7.5
213;24.78;122.7;1959;7.5
225;-28.5;-177;1959;7.7
222;44.712;-111.215;1959;7.7
214;52.5;159.5;1959;8.2
234;33.8;104.5;1960;5.3
235;36;4.1;1960;5.6
239;44.7;127;1960;5.8
240;27.814;54.497;1960;5.9
236;30.45;-9.62;1960;5.9
244;40;20;1960;6.5
245;-9.4;152.3;1960;6.6
249;-3.6;29;1960;6.6
253;-6.8;-80.7;1960;6.7
238;39.4;143.7;1960;6.7
246;40.3;142.5;1960;6.7
252;32.7;103.7;1960;6.8
233;-15;-75;1960;7
251;-38.5;-75.1;1960;7.4
237;39.8;143.4;1960;7.5
232;-15.75;-72.75;1960;7.8
242;-37.872;-73.243;1960;8.2
243;-38.143;-73.407;1960;9.5
262;30.5;110;1961;4.9
284;34.33;104.78;1961;5.7
270;24.97;98.63;1961;5.8
273;27.73;99.75;1961;6
276;-9.849;160.614;1961;6.4
269;27.861;54.528;1961;6.4
286;-36.7;-73;1961;6.5
263;-8.2;122;1961;6.5
271;8.9;-73.4;1961;6.5
268;10.4;39.9;1961;6.5
267;36.7;28.5;1961;6.5
254;50.016;156.099;1961;6.6
278;46.338;149.548;1961;6.7
288;4.49;-75.51;1961;6.8
266;39.8;77.7;1961;6.8
275;-18.421;168.411;1961;7.3
260;31.6;131.8;1961;7.3
279;36;136.7;1961;7.3
281;-59.5;-27.3;1961;7.5
261;-28.3;-175.7;1961;7.5
280;-10.5;-70.7;1961;7.5
258;24.9;93.34;1961;7.6
282;-58;-27;1961;7.7
283;-56.26;-27.283;1961;7.7
307;39.8;25;1962;4.5
319;35.1;58.7;1962;5
292;36;9;1962;5.3
301;45;5.6;1962;5.3
299;23.6;106.1;1962;5.5
320;28.1;55.6;1962;5.5
321;38.12;106.27;1962;5.5
317;39.9;43.9;1962;5.5
306;41.8;142.4;1962;5.7
296;33.32;58.845;1962;5.8
315;41.8;-111.8;1962;5.8
289;43.3;17.1;1962;5.9
294;40.9;19.5;1962;6
295;23.72;114.67;1962;6.1
313;41.4;15.5;1962;6.1
290;43.3;17.1;1962;6.1
309;25.2;101.2;1962;6.2
298;-10;-79;1962;6.3
308;43.6;18.3;1962;6.3
312;44.68;81.58;1962;6.4
322;52.47;-168.54;1962;6.5
311;5.2;-76.4;1962;6.8
293;8.008;-82.757;1962;6.8
305;37.1;96;1962;6.8
314;37.8;22.9;1962;6.8
302;38.8;140.9;1962;6.8
303;17.2;-99.6;1962;7
304;17.2;-99.5;1962;7.2
316;35.63;49.87;1962;7.2
297;38.073;142.741;1962;7.2
291;-37.8;-72.5;1962;7.3
310;7.5;-82;1962;7.4
323;36.9;57.8;1963;4.5
333;46.1;14.8;1963;4.9
335;33.2;49.2;1963;5.1
337;28.2;55.7;1963;5.2
340;33.9;74.8;1963;5.3
325;32.6;21;1963;5.4
331;12.2;-86.9;1963;5.5
334;47.9;130.6;1963;5.8
332;-8.2;115.6;1963;6
330;25.8;99.5;1963;6
336;42.1;21.3;1963;6
343;40.75;29;1963;6.1
339;39.8;74.2;1963;6.5
349;-6.4;105.4;1963;6.6
344;-10.385;-78.022;1963;7
329;35.7;97;1963;7
328;37;57.9;1963;7
345;44.426;149.272;1963;7.1
326;34.4;47.9;1963;7.2
324;24.5;122.1;1963;7.3
350;-24.8;-176.6;1963;7.5
341;-10.472;165.77;1963;7.5
342;-10.286;165.413;1963;7.5
338;-13.8;-69.3;1963;7.7
347;44.772;150.563;1963;7.9
348;-6.86;129.58;1963;8.3
346;44.77;149.798;1963;8.5
354;38.8;-28.4;1964;4.6
366;35.1;111.6;1964;4.7
351;-3.7;119.4;1964;5.2
353;26.1;101;1964;5.4
358;-4;34.9;1964;6
357;45.3;18.1;1964;6
361;38.1;38.3;1964;6.1
360;40.4;139;1964;6.6
365;47.159;153.876;1964;6.8
359;40.3;139;1964;6.9
356;5.9;95.7;1964;7
352;23.2;120.6;1964;7
367;40.3;28.2;1964;7
364;18.3;-100.4;1964;7.4
363;-15.5;166.5;1964;7.5
362;38.65;139.2;1964;7.5
368;-5.7;150.7;1964;7.6
355;61.017;-147.648;1964;9.2
375;37.6;47.1;1965;5.1
372;35;111.63;1965;5.5
371;35.7;4.4;1965;5.5
379;-31.81;-71.26;1965;6
386;13.5;-89.3;1965;6
388;28.1;55.9;1965;6
384;34.9;138;1965;6
390;22.4;101.6;1965;6.1
383;37.7;21.8;1965;6.2
391;38.267;22.3;1965;6.3
377;39.4;24;1965;6.3
395;-42.9;-75.13;1965;6.5
389;53.03;-167.55;1965;6.5
396;43.9;87.8;1965;6.6
385;47.4;-122.3;1965;6.6
376;-25.67;-70.63;1965;7
382;38.6;22.4;1965;7.1
387;44.7;148.7;1965;7.2
380;-32.4;-71.2;1965;7.3
393;-15.9;166.8;1965;7.3
378;36.3;70.7;1965;7.3
392;-15.8;167.2;1965;7.6
373;-2.4;126.1;1965;7.6
381;50.32;177.93;1965;7.6
394;16.3;-95.8;1965;7.8
374;51.29;178.55;1965;8.7
415;38.9;41.3;1966;4.6
411;38;42.6;1966;4.8
422;10.8;-69.5;1966;5
397;27.9;99.7;1966;5.1
401;37.47;115.03;1966;5.2
424;43.83;125.12;1966;5.2
420;4.62;-73.98;1966;5.3
409;37.25;114.78;1966;5.3
421;24;97.7;1966;5.4
416;44.75;37;1966;5.5
417;28.7;78.9;1966;5.6
405;37.27;114.97;1966;5.6
426;39.2;21.2;1966;5.7
419;37.5;22.1;1966;5.9
402;39.1;41.6;1966;6
400;26.1;103.1;1966;6.2
408;37.68;115.27;1966;6.2
413;29.554;80.854;1966;6.3
398;39.2;22;1966;6.3
423;27.5;100.1;1966;6.4
399;26.1;103.1;1966;6.5
418;39.2;41.6;1966;6.8
406;0.6;30.2;1966;7
412;-10.343;160.883;1966;7.1
429;-12.334;166.684;1966;7.2
403;37.35;114.92;1966;7.4
407;37.5;115.1;1966;7.6
427;-25.5;-70.7;1966;7.8
428;-11.893;166.445;1966;7.8
404;24.1;122.6;1966;8
425;-10.748;-78.638;1966;8.1
441;35.5;-0.1;1967;5
446;43.2;-0.5;1967;5.3
455;36.467;111.217;1967;5.4
438;-3.7;119.3;1967;5.5
432;30.2;104.1;1967;5.5
433;40;20.2;1967;5.6
453;37.717;115.217;1967;5.7
451;-28.78;-71.19;1967;5.9
440;39.5;21.2;1967;5.9
430;38.4;22;1967;6
439;5.5;97.3;1967;6.1
443;39.5;40.4;1967;6.2
437;38.5;116.5;1967;6.3
447;-4.4;152.5;1967;6.4
452;41.5;20.5;1967;6.5
445;10.559;-67.33;1967;6.6
454;17.412;73.885;1967;6.6
435;-9.2;113.1;1967;6.8
444;6.747;-73.03;1967;6.8
448;31.6;100.3;1967;6.8
449;-10.6;-79.8;1967;7
434;2.85;-74.8;1967;7
450;24.5;122.2;1967;7
436;45.53;151.11;1967;7
442;40.7;30.8;1967;7.3
456;-21.7;-69.5;1967;7.5
431;48.1;102.8;1967;7.5
466;-0.6;34.4;1968;4.6
457;12.1;-86.2;1968;4.6
468;44.08;8;1968;4.6
464;36.08;5.07;1968;4.9
475;39.1;46.1;1968;5
486;39.1;46.2;1968;5
459;37.8;13.2;1968;5.1
491;39.2;40.1;1968;5.1
478;29.8;51.2;1968;5.3
469;39.2;44.3;1968;5.3
496;42.1;19.3;1968;5.3
489;33.9;58.2;1968;5.4
492;15.5;-92.7;1968;5.7
458;37.9;13.1;1968;6
463;32;130.6;1968;6.3
490;10.697;-62.748;1968;6.5
487;34;58.2;1968;6.5
488;41.8;32.3;1968;6.6
494;-31.6;117;1968;6.9
477;-5.6;-77.2;1968;7
473;-41.7;172;1968;7.1
462;39.368;24.957;1968;7.2
476;39.4;143.1;1968;7.2
479;-30.8;-178.4;1968;7.3
480;16.5;122.2;1968;7.3
485;34;59;1968;7.3
460;43.586;146.701;1968;7.3
484;0.2;119.8;1968;7.4
495;-3.4;143.3;1968;7.5
481;16.5;-97.8;1968;7.5
493;26.3;140.6;1968;7.5
467;32.3;132.5;1968;7.5
472;41.5;142.7;1968;7.5
483;1.4;126.2;1968;7.6
465;37.7;-29.4;1968;7.6
474;-2.9;139.3;1968;7.7
461;-5.5;153.2;1968;7.8
471;40.8;143.2;1968;8.2
526;-0.8;-78.3;1969;4.2
515;43.2;12.4;1969;4.7
520;38.467;-122.692;1969;4.8
510;39.2;28.6;1969;5.1
514;-6.6;146.9;1969;5.4
517;39.7;74.8;1969;5.5
508;40.7;19.8;1969;5.5
497;37.1;57.9;1969;5.6
504;39.2;28.5;1969;5.6
521;-33.1;19.6;1969;5.8
512;-11.9;-75.1;1969;5.9
522;44.9;17.3;1969;6
519;-11.7;-75.1;1969;6.2
506;11.9;41.21;1969;6.2
518;-32.9;19.7;1969;6.3
501;41.45;79.367;1969;6.3
513;22.317;111.8;1969;6.4
523;44.9;17.2;1969;6.4
505;38.6;28.4;1969;6.5
507;27.7;34;1969;7
527;15.8;-59.7;1969;7.2
525;57.7;163.6;1969;7.3
502;-3.1;118.9;1969;7.4
511;38.2;119.4;1969;7.4
498;-7.9;158.9;1969;7.5
500;4.8;127.4;1969;7.5
499;45;143.2;1969;7.6
524;2.1;94.6;1969;7.7
516;43.6;147.9;1969;8.2
533;38.6;44.7;1970;4.8
546;38.8;36.7;1970;4.9
553;-44.64;173.62;1970;5.1
557;43.84;39.34;1970;5.1
554;20.6;122;1970;5.3
531;-9.9;-75.6;1970;5.4
534;21.7;73;1970;5.4
551;44;16;1970;5.5
537;39.1;28.7;1970;5.7
538;43;47;1970;5.7
543;-52;-73.8;1970;6
556;-20.94;-69.81;1970;6
532;57.5;-153.9;1970;6
544;-22.28;-70.55;1970;6.4
539;43;47.1;1970;6.5
552;6.2;-77.6;1970;6.6
541;42.5;78.8;1970;6.6
548;37.8;55.9;1970;6.7
547;32.2;131.7;1970;7
549;-1.5;-72.6;1970;7.1
555;-4.907;145.471;1970;7.3
536;15.78;121.71;1970;7.3
535;39.2;29.5;1970;7.4
550;-14.095;166.57;1970;7.5
545;51.8;-131;1970;7.5
542;-59.1;157.8;1970;7.6
529;6.8;126.7;1970;7.6
540;-9.2;-78.8;1970;7.9
561;42.5;11.8;1971;4.6
580;30;50.7;1971;4.8
564;29.8;51.9;1971;5.1
570;-7.2;109.1;1971;5.2
574;44.8;10.3;1971;5.2
578;36.3;52.7;1971;5.3
563;36.6;55.6;1971;5.3
582;46.7;141.4;1971;5.5
587;-14.1;-73.3;1971;5.7
589;51.5;179.1;1971;5.7
565;28.3;55.6;1971;5.9
579;28.9;103.7;1971;5.9
567;37.6;29.8;1971;5.9
569;18;-69.8;1971;6.1
586;46.4;141.1;1971;6.1
584;46.3;140.9;1971;6.2
571;-25.5;-69.2;1971;6.3
576;-2.7;-77.4;1971;6.3
590;52.9;159.2;1971;6.3
562;34.412;-118.4;1971;6.5
583;46.4;141.2;1971;6.6
568;38.8;40.5;1971;6.7
585;-6.5;146.6;1971;7
588;-15.5;167.2;1971;7.1
560;0.6;98.8;1971;7.1
581;46.5;141.2;1971;7.1
566;51.4;-177.2;1971;7.1
577;41.4;143.5;1971;7.3
572;-32.5;-71.2;1971;7.8
591;56;163.3;1971;7.8
573;-5.5;153.9;1971;7.9
575;-4.9;153.2;1971;7.9
559;-3.1;139.7;1971;8.1
604;43.8;13.3;1972;4.4
596;29.7;50.9;1972;4.5
595;43.8;13.3;1972;4.8
606;30.1;50.8;1972;5.3
610;46;-1.1;1972;5.3
617;-30.6;-71;1972;5.4
611;37.9;22.4;1972;6
598;-6.8;-76.8;1972;6.1
605;36.2;69.7;1972;6.1
616;12.4;-86.1;1972;6.2
609;36;73.4;1972;6.2
612;38.3;20.3;1972;6.3
602;-30.5;-71.8;1972;6.6
600;23.6;121.6;1972;6.9
599;28.4;52.8;1972;6.9
613;-20;168.8;1972;7
608;-6;152.9;1972;7.1
601;13.4;120.3;1972;7.2
597;33.3;140.8;1972;7.2
614;6.5;126.6;1972;7.4
615;33.3;140.7;1972;7.4
593;22.5;122.3;1972;7.5
592;22.6;122.1;1972;7.6
607;56.82;-135.68;1972;7.6
594;23;122.2;1972;7.7
603;3.9;124.3;1972;7.8
634;37.66;15.167;1973;3.5
620;-39.58;176.57;1973;5.1
640;38.46;-28.31;1973;5.1
622;28.58;52.62;1973;5.2
624;-34.13;150.27;1973;5.5
639;30.57;52.89;1973;5.5
638;38.9;20.44;1973;5.5
641;35.18;23.8;1973;5.6
621;34.1;-119;1973;5.7
626;11.66;43.03;1973;5.9
635;18.27;-96.6;1973;6.2
627;10.679;-84.759;1973;6.5
629;19.936;-155.098;1973;6.5
632;43.2;146.6;1973;6.6
636;-32.5;-71.5;1973;6.7
631;43.3;146.4;1973;7.1
643;-15.12;166.9;1973;7.2
623;50.5;156.6;1973;7.2
637;-60.82;-21.55;1973;7.5
642;-14.46;166.6;1973;7.5
625;13.4;122.8;1973;7.5
618;18.48;-103;1973;7.5
633;35.18;86.48;1973;7.5
619;31.4;100.58;1973;7.6
630;43.2;145.8;1973;7.7
653;44.97;15.53;1974;4.5
648;6.89;-72.93;1974;5
646;38.6;27;1974;5.2
663;28;55.8;1974;5.4
649;31.6;119.2;1974;5.5
657;36;139.82;1974;5.7
654;-22.124;-64.638;1974;5.9
652;10.56;-63.38;1974;6.1
659;-0.28;12.92;1974;6.2
664;35.1;72.9;1974;6.2
644;-12.3;-76.35;1974;6.3
650;34.5;138.7;1974;6.5
660;43.2;146.7;1974;6.7
655;45.14;94.03;1974;6.7
645;-7.5;155.9;1974;7
658;-38.5;-73.4;1974;7.1
647;-7.4;155.6;1974;7.1
651;28.24;104.01;1974;7.1
656;7.75;-77.69;1974;7.3
661;-12.27;-77.79;1974;8.1
682;36.32;5.241;1975;4.3
692;-18.672;178.464;1975;4.9
687;31.599;51.037;1975;5
665;42.89;46.99;1975;5.2
694;38.628;21.798;1975;5.5
671;-6.7;106.7;1975;5.6
685;39.439;-121.528;1975;5.6
668;33;131.1;1975;5.8
666;-5;130;1975;5.9
675;42.06;-112.55;1975;6
676;10.04;-69.75;1975;6.1
690;13.843;144.754;1975;6.1
672;27.5;56.26;1975;6.1
677;33.19;131.3;1975;6.1
681;21.49;94.7;1975;6.5
686;38.474;40.723;1975;6.7
667;32.46;78.43;1975;6.8
673;-29.9;-71.3;1975;6.9
680;43.024;147.734;1975;7
670;40.64;122.58;1975;7.4
689;12.54;125.993;1975;7.6
669;53.11;173.5;1975;7.6
678;-38.18;-73.23;1975;7.7
684;-7.104;155.152;1975;7.7
691;19.451;-155.033;1975;7.7
688;-24.894;-175.119;1975;7.8
693;-16.265;-172.467;1975;7.8
679;35.962;-17.576;1975;7.8
683;-6.59;155.054;1975;7.9
702;41.13;43.01;1976;4.8
719;37.7;28.89;1976;4.9
700;14.767;-91.061;1976;5.1
728;-27.953;26.653;1976;5.2
701;36.61;67.79;1976;5.5
705;40.89;42.85;1976;5.5
720;46.28;13.157;1976;5.5
722;46.32;13.13;1976;5.9
721;46.302;13.197;1976;6
714;4.96;118.31;1976;6.2
724;33.8;59.15;1976;6.2
710;17.4;-100.64;1976;6.4
695;66.16;-16.58;1976;6.4
713;-8.17;114.888;1976;6.5
706;46.356;13.275;1976;6.5
704;0.78;-79.8;1976;6.7
712;7.4;-78.1;1976;6.7
718;7.249;122.939;1976;6.8
703;40.31;63.77;1976;7
707;40.38;63.47;1976;7
698;44.915;149.123;1976;7
711;-4.603;140.091;1976;7.1
723;-4.517;139.918;1976;7.1
727;-20.52;-68.92;1976;7.3
708;24.57;98.953;1976;7.3
725;39.12;44.03;1976;7.3
709;24.531;98.71;1976;7.4
716;39.664;118.401;1976;7.4
699;15.324;-89.101;1976;7.5
715;39.57;117.98;1976;7.5
696;-29.208;-177.886;1976;7.8
697;-28.427;-177.657;1976;8
717;6.292;124.09;1976;8
746;46.29;14.29;1977;4.6
752;36.73;55.04;1977;4.9
736;38.56;40.02;1977;4.9
751;42.11;23.97;1977;5.1
730;-8.22;115.19;1977;5.2
743;38.934;44.38;1977;5.4
748;-1.081;146.23;1977;5.5
754;30.95;56.47;1977;5.8
738;31.98;50.68;1977;5.9
731;40.04;70.85;1977;5.9
733;0.45;100.02;1977;6
749;7.34;-76.3;1977;6.5
739;-9.828;160.323;1977;6.8
735;27.61;56.39;1977;6.9
750;-25.856;-175.406;1977;7.2
745;-22.878;-175.9;1977;7.2
734;16.77;122.33;1977;7.3
753;-31.03;-67.77;1977;7.4
741;-9.844;160.822;1977;7.5
732;45.777;26.703;1977;7.5
737;-16.696;-172.095;1977;7.6
740;-9.89;160.348;1977;7.6
747;-11.085;118.464;1977;8
742;-9.965;160.731;1977;8.1
780;36.63;-6.871;1978;4.4
777;14.843;-91.022;1978;4.5
757;39.69;39.79;1978;4.5
771;35.1;132.6;1978;4.9
759;38.1;16.03;1978;5
781;48.29;9.01;1978;5.3
779;34.35;-119.7;1978;5.6
770;40.759;23.268;1978;5.6
769;38.391;15.066;1978;5.7
768;43.269;20.919;1978;5.7
760;29.926;66.302;1978;5.9
758;38.78;141.95;1978;6.1
786;32.14;49.65;1978;6.2
774;40.739;23.229;1978;6.4
761;17.03;-99.74;1978;6.6
755;34.809;139.259;1978;6.6
763;44.14;149.029;1978;6.6
762;44.026;149.002;1978;6.7
764;44.209;148.971;1978;6.8
773;8.249;122.403;1978;6.9
778;-26.51;-70.54;1978;7
787;23.247;122.075;1978;7
767;42.839;78.606;1978;7.1
776;22.282;121.512;1978;7.4
785;44.592;146.581;1978;7.5
765;44.932;148.439;1978;7.5
766;44.244;148.862;1978;7.6
756;-30.68;-177.36;1978;7.7
784;16.01;-96.591;1978;7.7
772;38.19;142.028;1978;7.7
782;33.386;57.434;1978;7.8
807;14.321;-90.082;1979;4.7
803;39.672;28.66;1979;4.9
813;39.536;20.398;1979;5.2
793;41.956;19.023;1979;5.3
796;-8.299;115.934;1979;5.4
802;31.452;119.241;1979;5.4
795;34.53;24.437;1979;5.6
798;-8.207;115.949;1979;5.8
806;42.812;13.061;1979;5.8
804;41.145;108.129;1979;5.9
818;34.033;59.817;1979;6
799;-30.812;117.179;1979;6.1
812;-7.656;108.252;1979;6.1
810;-8.254;115.847;1979;6.2
800;-4.98;145.577;1979;6.2
797;42.255;18.752;1979;6.2
821;-8.39;115.889;1979;6.3
816;4.805;-76.217;1979;6.4
790;40.232;143.703;1979;6.4
801;8.316;-82.943;1979;6.5
820;-3.299;102.712;1979;6.6
814;33.918;59.741;1979;6.6
811;13.833;-90.881;1979;6.8
788;33.897;59.472;1979;6.8
815;-16.76;-179.984;1979;6.9
789;-16.39;-72.658;1979;6.9
794;42.096;19.209;1979;6.9
808;-46.675;165.707;1979;7.5
817;33.962;59.726;1979;7.5
791;60.691;-141.671;1979;7.5
792;17.813;-101.276;1979;7.6
819;1.598;-79.358;1979;7.7
805;-1.679;136.04;1979;7.9
836;39.203;22.729;1980;4
826;40.459;15.855;1980;4.5
844;32.834;75.629;1980;4.8
850;-13.347;-74.545;1980;4.9
843;32.913;75.633;1980;4.9
852;8.045;-72.441;1980;5
839;38.174;-83.907;1980;5.1
854;34.503;50.59;1980;5.2
835;40.113;70.596;1980;5.2
828;46.214;-122.194;1980;5.2
827;14.716;-91.317;1980;5.3
838;37.19;50.201;1980;5.4
846;-39.542;176.478;1980;5.6
842;-1.948;-80.017;1980;5.6
825;-8.082;108.793;1980;5.8
853;34.587;50.652;1980;5.8
829;43.294;20.837;1980;5.8
823;37.855;-121.816;1980;5.9
845;35.45;139.964;1980;6
830;37.6;-118.84;1980;6.1
832;34.808;139.181;1980;6.2
848;18.211;-98.24;1980;6.4
831;32.22;-114.985;1980;6.4
834;39.269;23.041;1980;6.4
840;29.598;81.092;1980;6.5
822;38.727;-27.75;1980;6.9
851;40.914;15.366;1980;6.9
824;43.53;146.753;1980;7
849;41.117;-124.253;1980;7.2
833;-12.41;166.381;1980;7.5
847;36.195;1.354;1980;7.7
875;29.856;66.962;1981;4
858;41.051;14.601;1981;4.6
862;-13.144;-74.376;1981;4.8
866;-13.166;-74.522;1981;5.2
874;23.686;32.604;1981;5.3
872;8.117;-72.527;1981;5.4
868;44.849;17.312;1981;5.5
861;39.481;20.699;1981;5.6
870;35.693;73.594;1981;5.9
863;33.133;-115.65;1981;6
860;38.209;23.288;1981;6.4
856;-4.576;139.232;1981;6.7
865;29.913;57.715;1981;6.7
859;38.222;22.934;1981;6.7
857;30.927;101.098;1981;6.8
855;38.64;142.75;1981;6.9
867;30.013;57.794;1981;7.1
873;18.048;-102.084;1981;7.3
871;-33.134;-73.074;1981;7.5
876;39.243;25.227;1981;7.5
864;-48.786;164.357;1981;7.6
885;17.25;-93.21;1982;3.5
895;43.164;12.586;1982;4.4
887;36.785;105.55;1982;4.6
894;14.487;-89.121;1982;5.1
882;4.374;97.755;1982;5.4
881;-6.863;106.936;1982;5.5
889;31.907;99.931;1982;5.5
896;40.883;19.59;1982;5.5
893;-8.375;120.577;1982;5.6
900;-8.405;123.08;1982;5.9
879;13.158;-87.589;1982;6
897;14.701;44.379;1982;6
886;-12.69;-76.065;1982;6.1
901;33.826;139.434;1982;6.1
880;6.946;94.002;1982;6.3
883;-9.265;118.479;1982;6.4
898;36.148;69.011;1982;6.6
884;42.158;142.361;1982;6.7
891;36.194;141.702;1982;6.8
888;16.558;-98.358;1982;7
877;13.752;124.358;1982;7.1
892;-12.597;165.931;1982;7.5
899;-24.133;-175.864;1982;7.7
927;30.349;67.84;1983;4.2
912;39.042;48.714;1983;4.6
905;41.959;21.54;1983;4.7
911;2.461;-76.686;1983;4.9
910;35.953;52.264;1983;4.9
926;36.948;49.18;1983;5
942;44.689;10.317;1983;5
941;50.696;5.346;1983;5
932;43.246;20.859;1983;5.1
939;35.464;133.899;1983;5.2
906;38.841;70.727;1983;5.2
940;35.206;115.213;1983;5.3
929;35.5;139.07;1983;5.3
915;40.025;75.26;1983;5.6
917;14.926;99.023;1983;5.9
920;40.249;138.948;1983;5.9
935;1.084;121.052;1983;6
933;33.941;139.513;1983;6
936;1.131;120.858;1983;6.1
924;40.324;27.222;1983;6.1
925;61.031;-147.286;1983;6.1
923;9.652;-83.688;1983;6.2
946;11.866;-13.529;1983;6.2
918;36.219;-120.317;1983;6.2
909;38.294;20.262;1983;6.2
904;39.945;75.135;1983;6.2
922;21.721;103.282;1983;6.3
945;-5.392;151.868;1983;6.4
916;-4.843;-78.103;1983;6.5
907;-4.056;127.924;1983;6.5
931;18.231;120.86;1983;6.5
930;55.867;161.287;1983;6.5
914;5.723;94.722;1983;6.6
903;16.147;-95.232;1983;6.7
943;19.43;-155.454;1983;6.7
938;40.33;42.187;1983;6.9
921;41.346;139.099;1983;6.9
928;40.142;24.766;1983;7
902;38.026;20.228;1983;7.2
934;-26.535;-70.563;1983;7.3
913;8.717;-83.123;1983;7.3
937;43.974;-113.916;1983;7.3
944;-6.852;72.11;1983;7.6
908;-4.883;153.581;1983;7.6
919;40.462;139.102;1983;7.7
970;37.013;21.757;1984;4.5
966;43.314;20.957;1984;4.7
963;52.878;-4.198;1984;4.7
972;42.375;-105.72;1984;5.1
965;1.761;99.075;1984;5.2
959;41.831;13.961;1984;5.2
971;40.545;42.403;1984;5.3
957;43.26;12.558;1984;5.3
951;38.396;22.094;1984;5.4
961;31.448;140.036;1984;5.5
975;24.641;92.891;1984;5.6
958;41.765;13.898;1984;5.8
967;35.789;137.488;1984;6.1
952;36.431;70.826;1984;6.1
956;37.32;-121.698;1984;6.1
973;39.155;71.328;1984;6.1
968;40.885;42.219;1984;6.4
955;-4.647;145.805;1984;6.6
948;-2.823;118.806;1984;6.6
962;17.984;-69.338;1984;6.7
964;32.386;131.945;1984;6.7
969;34.006;141.5;1984;6.9
953;40.32;63.35;1984;7
954;44.117;148.192;1984;7
974;56.2;163.4;1984;7
950;-10.012;160.469;1984;7.5
1000;40.31;42.307;1985;4.2
1005;37.688;15.068;1985;4.3
997;15.299;-90.863;1985;4.5
996;41.581;22.254;1985;5
977;28.399;52.997;1985;5.3
986;39.266;22.81;1985;5.5
984;25.926;102.871;1985;5.8
999;36.46;6.761;1985;5.9
998;40.301;69.823;1985;5.9
1003;11.725;-85.838;1985;6
990;-9.159;-78.887;1985;6.1
985;16.498;120.815;1985;6.1
983;-9.245;114.185;1985;6.2
992;-4.13;136.049;1985;6.3
979;17.013;-62.448;1985;6.4
981;7.758;123.544;1985;6.5
980;-32.663;-71.551;1985;6.6
989;36.19;70.896;1985;6.6
976;-33.053;-68.467;1985;6.9
995;-9.829;159.854;1985;6.9
987;-5.599;151.045;1985;7.1
1001;-1.639;134.911;1985;7.1
988;-4.439;152.828;1985;7.2
982;-34.131;-71.618;1985;7.5
991;39.431;75.224;1985;7.5
1002;-13.987;166.185;1985;7.6
1004;-13.966;166.516;1985;7.6
994;17.802;-101.647;1985;7.6
978;-33.132;-71.708;1985;8
993;18.19;-102.533;1985;8.1
1024;37.2;37.3;1986;4.1
1031;27.727;66.65;1986;4.5
1009;-13.41;-71.785;1986;4.6
1008;15.075;-92.072;1986;4.7
1028;-30.546;28.737;1986;4.8
1035;-5.494;-35.769;1986;4.8
1027;36.93;22.175;1986;4.8
1022;10.77;-69.428;1986;4.9
1037;-33.071;-72.084;1986;5
1007;-3.904;103.461;1986;5
1038;29.985;51.623;1986;5
1014;29.627;69.363;1986;5.2
1006;-9.505;-77.512;1986;5.3
1010;32.128;76.374;1986;5.3
1029;13.827;-89.118;1986;5.4
1030;37.931;28.574;1986;5.5
1034;44.12;16.339;1986;5.5
1020;29.962;51.582;1986;5.6
1036;43.274;25.912;1986;5.6
1013;41.431;43.737;1986;5.7
1021;32.97;-117.869;1986;5.8
1026;37.014;22.176;1986;5.8
1011;37.993;37.806;1986;5.9
1019;34;-116.61;1986;6
1017;10.597;-62.928;1986;6.2
1023;37.537;-118.447;1986;6.2
1016;24.125;121.619;1986;6.4
1015;52.327;-174.504;1986;6.4
1025;45.547;26.316;1986;6.9
1018;-4.448;143.943;1986;7.1
1033;23.901;121.574;1986;7.8
1012;51.52;-174.776;1986;8
1032;-28.117;-176.367;1986;8.1
1041;35.964;1.374;1987;4.3
1052;34.076;48.266;1987;4.6
1059;43.242;13.874;1987;4.6
1063;34.07;-118.1;1987;4.8
1055;24.924;115.608;1987;4.9
1062;-8.143;-77.954;1987;5.1
1048;37.447;137.865;1987;5.1
1051;8.047;125.41;1987;5.2
1061;34.061;-118.078;1987;5.7
1039;41.964;81.319;1987;5.8
1040;41.529;79.318;1987;5.9
1071;35.362;140.214;1987;6
1060;-0.978;-78.05;1987;6.2
1068;33.082;-115.775;1987;6.2
1053;-10.717;162.33;1987;6.3
1049;16.066;120.301;1987;6.3
1042;36.988;141.689;1987;6.3
1069;-8.247;124.155;1987;6.5
1044;-37.965;176.765;1987;6.6
1054;-14.074;167.828;1987;6.6
1050;2.244;98.866;1987;6.6
1047;32.034;131.837;1987;6.7
1065;-7.288;154.371;1987;6.8
1056;-19.022;-69.991;1987;6.9
1046;0.083;-77.785;1987;7.2
1067;58.586;-143.27;1987;7.2
1045;-24.388;-70.161;1987;7.3
1064;-17.94;-172.225;1987;7.3
1043;-6.088;147.689;1987;7.6
1058;-58.893;158.513;1987;7.7
1066;-6.266;149.06;1987;7.7
1070;58.679;-142.786;1987;7.9
1088;-6.06;146.23;1988;4.3
1096;21.23;108.545;1988;4.6
1097;18.068;-76.597;1988;4.7
1089;37.18;71.811;1988;5
1099;37.938;-26.142;1988;5.3
1081;18.606;121.013;1988;5.4
1072;38.111;106.336;1988;5.5
1091;36.443;2.759;1988;5.6
1093;19.08;-67.256;1988;5.7
1083;23.902;121.598;1988;5.7
1079;30.89;50.194;1988;5.7
1090;37.938;20.932;1988;5.8
1073;41.246;19.63;1988;5.8
1100;48.117;-71.183;1988;5.8
1092;13.881;-90.45;1988;6
1086;29.974;51.679;1988;6.1
1080;12.376;121.067;1988;6.2
1074;-19.847;133.803;1988;6.3
1095;23.181;99.439;1988;6.4
1098;12.399;124.537;1988;6.6
1087;26.755;86.616;1988;6.6
1076;-24.753;-70.433;1988;6.7
1075;-19.829;133.882;1988;6.7
1082;-5.964;148.78;1988;6.8
1101;40.987;44.185;1988;6.8
1094;22.789;99.611;1988;7.3
1085;-10.258;160.896;1988;7.6
1078;57.262;-142.747;1988;7.8
1131;18.986;-68.833;1989;4.4
1104;40.027;41.816;1989;4.4
1133;29.882;106.804;1989;4.7
1126;30.96;51.421;1989;4.7
1118;34.942;139.193;1989;5
1121;43.522;45.362;1989;5
1114;21.861;89.763;1989;5.1
1109;29.964;51.655;1989;5.1
1110;11.038;-68.27;1989;5.2
1102;38.465;68.694;1989;5.3
1136;-32.967;151.619;1989;5.4
1105;-4.346;152.797;1989;5.4
1103;1.031;126.189;1989;5.6
1111;23.553;99.526;1989;5.6
1130;36.788;2.448;1989;5.7
1117;39.112;-28.242;1989;5.7
1120;-4.511;139.022;1989;5.8
1113;30.167;50.921;1989;5.8
1134;29.892;57.718;1989;5.9
1123;-4.219;136.667;1989;6
1106;-13.702;34.42;1989;6.1
1115;1.134;-79.616;1989;6.1
1116;19.362;-155.083;1989;6.1
1125;31.583;102.433;1989;6.1
1119;-8.081;125.129;1989;6.2
1107;29.987;99.195;1989;6.2
1122;11.766;41.942;1989;6.3
1129;39.571;143.333;1989;6.6
1108;16.773;-99.328;1989;6.8
1127;37.036;-121.883;1989;6.9
1124;55.543;-156.835;1989;6.9
1132;39.837;142.76;1989;7.4
1135;8.337;126.729;1989;7.5
1175;-26.39;27.349;1990;4
1173;-28.014;26.727;1990;4.2
1171;-0.059;-78.449;1990;4.4
1174;47.903;84.961;1990;4.5
1158;9.855;-84.327;1990;4.6
1181;40.854;73.553;1990;4.6
1149;31.107;51.678;1990;4.7
1145;52.314;-2.985;1990;4.7
1165;-6.904;108.12;1990;4.8
1159;-6.062;-77.136;1990;4.9
1168;36.99;29.595;1990;5.1
1164;36.636;49.799;1990;5.3
1182;37.3;15.438;1990;5.3
1151;40.775;15.766;1990;5.4
1144;9.253;125.606;1990;5.5
1139;34.14;-117.7;1990;5.5
1166;36.415;70.789;1990;5.6
1180;43.853;16.633;1990;5.6
1186;9.869;-84.302;1990;5.7
1176;37.093;103.781;1990;5.8
1185;41.004;22.3;1990;5.9
1177;35.121;70.486;1990;6
1141;28.925;66.331;1990;6.1
1157;45.811;26.769;1990;6.1
1170;47.963;84.961;1990;6.1
1183;23.916;121.636;1990;6.2
1147;39.436;74.9;1990;6.2
1152;-40.296;176.064;1990;6.3
1184;23.722;121.627;1990;6.3
1162;27.398;65.719;1990;6.3
1143;37.034;72.942;1990;6.3
1169;-15.355;167.464;1990;6.4
1138;34.706;139.252;1990;6.4
1155;-6.016;-77.229;1990;6.5
1172;33.267;138.643;1990;6.5
1137;9.755;124.694;1990;6.6
1178;28.251;55.462;1990;6.7
1156;45.841;26.668;1990;6.7
1179;3.908;97.457;1990;6.8
1161;47.869;85.076;1990;6.8
1150;35.986;100.245;1990;6.9
1154;5.358;31.848;1990;7
1142;9.919;-84.808;1990;7
1160;11.76;121.899;1990;7.1
1163;36.957;49.409;1990;7.3
1187;-5.097;150.967;1990;7.5
1140;-22.122;175.163;1990;7.6
1148;1.186;122.857;1990;7.6
1167;15.679;121.172;1990;7.8
1191;44.885;6.76;1991;3.8
1199;36.416;70.912;1991;4.1
1205;5.865;116.746;1991;4.5
1201;39.597;41.118;1991;4.5
1208;39.984;42.875;1991;4.5
1214;-15.679;-71.574;1991;4.7
1216;9.737;-84.054;1991;4.7
1226;13.887;44.068;1991;4.7
1204;42.565;43.349;1991;4.9
1224;26.323;70.607;1991;5
1227;36.924;49.603;1991;5
1210;34.262;-118.002;1991;5.1
1215;36.52;44.066;1991;5.1
1198;37.457;68.273;1991;5.1
1217;10.045;-69.948;1991;5.2
1223;30.666;50.218;1991;5.4
1207;15.119;120.355;1991;5.5
1195;39.887;113.923;1991;5.5
1228;45.498;21.115;1991;5.5
1219;-40.25;175.053;1991;5.6
1213;44.888;22.407;1991;5.6
1212;45.364;21.057;1991;5.6
1192;48.268;154.328;1991;5.7
1194;40.386;78.959;1991;6.1
1206;42.461;44.009;1991;6.1
1203;9.542;-82.418;1991;6.2
1220;14.646;-90.986;1991;6.2
1218;40.235;-124.348;1991;6.2
1196;-6.038;-77.13;1991;6.4
1225;4.554;-77.442;1991;6.4
1189;35.993;70.423;1991;6.4
1211;-8.099;124.681;1991;6.5
1197;-5.982;-77.094;1991;6.7
1193;58.427;-175.45;1991;6.7
1190;-9.929;159.139;1991;6.9
1222;30.78;78.774;1991;7
1202;42.453;43.673;1991;7
1188;23.613;95.901;1991;7.1
1221;-9.094;158.442;1991;7.2
1209;1.196;122.787;1991;7.5
1229;45.533;151.021;1991;7.6
1230;18;108;1992;3.7
1232;-7.138;109.067;1992;4.4
1233;31.726;50.778;1992;4.6
1251;29.134;52.187;1992;4.7
1253;29.778;31.144;1992;5.3
1245;36.705;-116.293;1992;5.4
1249;29.087;66.74;1992;5.5
1231;35.106;139.644;1992;5.6
1240;33.377;71.317;1992;6
1247;32.536;141.641;1992;6.3
1236;33.961;-116.318;1992;6.3
1244;34.203;-116.827;1992;6.7
1234;39.71;39.605;1992;6.9
1242;-11.122;165.239;1992;7
1252;-6.087;26.651;1992;7
1254;6.845;-76.806;1992;7
1241;19.613;-77.872;1992;7
1246;39.419;143.33;1992;7
1237;40.368;-124.316;1992;7.1
1255;7.075;-76.862;1992;7.4
1239;7.191;126.762;1992;7.5
1248;42.142;73.575;1992;7.5
1243;34.201;-116.436;1992;7.6
1256;-8.48;121.896;1992;7.8
1280;18.12;76.533;1993;4.6
1264;30.692;50.886;1993;5.1
1259;32.104;60.088;1993;5.1
1268;30.149;50.814;1993;5.4
1272;15.385;31.69;1993;5.5
1258;23.027;101.062;1993;5.6
1271;38.224;21.756;1993;5.6
1282;39.263;75.533;1993;5.6
1263;45.035;-122.607;1993;5.6
1269;9.821;-83.622;1993;5.8
1276;42.314;-122.012;1993;6
1277;18.066;76.451;1993;6.2
1262;29.084;87.333;1993;6.2
1265;-11.652;-76.53;1993;6.3
1260;37.634;137.245;1993;6.3
1273;41.985;139.839;1993;6.3
1261;-14.385;-178.252;1993;6.4
1267;-28.886;-176.819;1993;6.6
1278;-5.889;146.02;1993;6.9
1281;51.934;158.647;1993;7
1266;51.218;157.829;1993;7.5
1257;43.3;143.691;1993;7.6
1274;12.982;144.801;1993;7.8
1284;40.33;-76.037;1994;4.6
1314;20.524;109.33;1994;5.3
1292;19.803;-72.799;1994;5.4
1312;40.741;-124.31;1994;5.5
1283;36.028;100.104;1994;5.7
1287;42.762;-110.976;1994;5.8
1305;28.968;52.614;1994;5.9
1306;35.52;-0.106;1994;5.9
1301;-10.341;113.369;1994;6.1
1291;29.096;52.617;1994;6.1
1290;30.853;60.596;1994;6.1
1295;36.901;67.163;1994;6.1
1300;24.511;121.905;1994;6.4
1294;40.608;143.683;1994;6.4
1299;-10.777;113.366;1994;6.5
1296;23.959;122.448;1994;6.5
1298;-10.362;112.892;1994;6.6
1285;34.213;-118.537;1994;6.7
1304;-42.963;171.658;1994;6.8
1309;-1.258;127.98;1994;6.8
1302;2.917;-76.057;1994;6.8
1289;-4.967;104.302;1994;6.9
1286;1.015;127.733;1994;7
1307;40.402;-125.68;1994;7
1311;13.525;121.067;1994;7.1
1310;43.905;147.916;1994;7.3
1293;-18.039;-178.413;1994;7.6
1297;-10.477;112.835;1994;7.8
1313;40.525;143.419;1994;7.8
1303;-13.841;-67.553;1994;8.2
1321;37.925;139.186;1995;5.4
1331;36.427;103.123;1995;5.6
1319;35.046;32.279;1995;5.9
1337;65.17;-148.565;1995;6
1342;26.003;102.227;1995;6.2
1318;4.104;-76.622;1995;6.4
1335;38.063;30.134;1995;6.4
1316;5.05;-72.916;1995;6.5
1329;38.401;22.283;1995;6.5
1325;40.149;21.695;1995;6.6
1343;-28.906;-71.417;1995;6.7
1338;-2.045;101.436;1995;6.8
1324;12.047;125.92;1995;6.8
1341;28.094;130.148;1995;6.8
1326;-8.452;125.049;1995;6.9
1320;-4.183;135.109;1995;6.9
1315;34.583;135.018;1995;6.9
1336;-2.75;-77.881;1995;7
1340;27.929;130.175;1995;7.1
1328;52.629;142.827;1995;7.1
1323;12.059;125.58;1995;7.2
1334;16.779;-98.597;1995;7.4
1333;-5.799;154.178;1995;7.7
1345;44.663;149.3;1995;7.9
1332;-23.34;-70.294;1995;8
1339;19.055;-104.205;1995;8
1357;31.555;139.931;1996;5.7
1352;-1.036;-78.737;1996;5.9
1354;40.774;109.661;1996;6
1359;42.803;17.936;1996;6
1351;39.993;76.696;1996;6.3
1347;27.291;100.276;1996;6.6
1361;30.568;131.093;1996;6.6
1364;31.789;131.314;1996;6.7
1362;31.885;131.468;1996;6.7
1360;21.898;121.498;1996;6.8
1358;-22.118;-113.436;1996;6.9
1350;15.978;-98.07;1996;7.1
1353;-6.518;154.999;1996;7.2
1356;51.478;-176.847;1996;7.3
1349;-9.593;-79.587;1996;7.5
1363;-14.993;-75.675;1996;7.7
1346;0.729;119.931;1996;7.9
1355;51.564;-177.632;1996;7.9
1348;-0.891;136.952;1996;8.2
1367;40.956;19.672;1997;4.7
1373;34.872;71.62;1997;4.9
1386;-26.857;26.619;1997;5
1372;39.422;76.839;1997;5.6
1388;43.048;12.879;1997;5.7
1383;23.083;80.041;1997;5.8
1365;41.026;74.284;1997;5.8
1390;-3.776;119.727;1997;5.9
1384;33.938;59.475;1997;5.9
1368;39.474;76.998;1997;5.9
1375;39.513;76.865;1997;5.9
1387;4.358;96.494;1997;6
1376;39.537;76.998;1997;6
1389;43.084;12.812;1997;6
1396;22.212;92.702;1997;6.1
1374;31.92;130.429;1997;6.1
1371;38.075;48.05;1997;6.1
1391;31.959;141.878;1997;6.2
1377;39.527;76.941;1997;6.2
1382;36.411;70.945;1997;6.4
1380;13.986;144.901;1997;6.5
1369;37.661;57.291;1997;6.5
1395;37.57;20.656;1997;6.6
1379;11.112;-60.892;1997;6.7
1397;1.241;122.536;1997;7
1385;10.598;-63.486;1997;7
1393;-30.933;-71.22;1997;7.1
1370;29.976;68.208;1997;7.1
1366;18.219;-102.756;1997;7.2
1381;33.825;59.809;1997;7.2
1394;35.069;87.325;1997;7.5
1392;-22.101;-176.772;1997;7.7
1398;54.841;162.035;1997;7.8
1429;26.373;104.021;1998;4.5
1407;43.164;12.701;1998;5.2
1424;41.925;20.39;1998;5.3
1426;27.791;53.608;1998;5.4
1425;33.199;47.225;1998;5.4
1423;44.209;20.08;1998;5.5
1427;27.308;101.029;1998;5.6
1412;37.388;78.843;1998;5.6
1405;39.977;76.731;1998;5.6
1418;23.407;120.736;1998;5.7
1399;41.083;114.5;1998;5.7
1408;32.457;59.976;1998;5.8
1417;38.717;48.507;1998;6
1416;38.65;-28.626;1998;6.2
1414;39.027;143.441;1998;6.2
1401;15.883;-96.298;1998;6.3
1415;36.878;35.307;1998;6.3
1403;36.479;71.086;1998;6.4
1421;39.66;77.343;1998;6.4
1411;-17.731;-65.431;1998;6.6
1422;-8.194;112.413;1998;6.6
1400;14.374;-91.473;1998;6.6
1404;30.154;57.605;1998;6.6
1413;37.106;70.11;1998;6.6
1419;-2.943;142.582;1998;7
1420;-0.593;-80.393;1998;7.2
1410;22.306;125.308;1998;7.5
1428;-2.071;124.891;1998;7.7
1406;-62.877;149.527;1998;8.1
1431;42.962;46.954;1999;3.2
1443;21.544;91.895;1999;4.2
1453;-13.64;-74.43;1999;4.4
1457;24.589;102.872;1999;4.6
1432;38.193;-1.566;1999;4.8
1460;40.459;122.889;1999;5
1435;41.131;114.658;1999;5.1
1445;40.711;29.949;1999;5.2
1458;36.92;54.9;1999;5.3
1454;39.899;113.983;1999;5.3
1439;40.802;47.448;1999;5.4
1464;35.321;-1.281;1999;5.6
1461;40.358;42.346;1999;5.7
1455;40.744;30.266;1999;5.7
1447;40.709;30.045;1999;5.8
1452;23.445;120.506;1999;5.9
1433;34.259;69.364;1999;6
1446;38.119;23.605;1999;6
1430;4.461;-75.724;1999;6.2
1438;29.501;51.88;1999;6.2
1463;-6.845;105.555;1999;6.5
1449;23.738;121.158;1999;6.5
1434;28.343;57.193;1999;6.6
1436;30.512;79.403;1999;6.6
1437;-16.66;-72.662;1999;6.8
1440;18.386;-97.436;1999;7
1451;34.594;-116.271;1999;7.2
1456;40.758;31.161;1999;7.2
1462;15.766;119.74;1999;7.3
1459;-16.423;168.214;1999;7.5
1450;16.059;-96.931;1999;7.5
1444;40.76;29.97;1999;7.6
1448;23.772;120.982;1999;7.7
